{
  "intro": {
    "heading": "Experience A Blend of Nature, Comfort, and Luxury",
    "paragraph1": "Nestled among the rice fields and coconut trees of Tabanan, Ulaman is only 20 minutes away from the vibrant town of Canggu.",
    "paragraph2": "An award-winning eco-luxury resort offering a unique hideaway experience. Embrace authenticity, balance, and harmony with nature in a healing, luxurious environment.",
    "buttonText": "Discover More",
    "buttonHref": "/about"
  },
  "rooms": [
    {
      "id": 1,
      "name": "Floating Lake",
      "subtitle": "A luxurious floating villa on Ulaman's bio-filtered lake.",
      "imageUrl": "/images/rooms/room-floating-lake.jpg",
      "detailsHref": "/rooms/floating-lake"
    },
    {
      "id": 2,
      "name": "Cocoon Jungle",
      "subtitle": "Indulge in an unparalleled blend of exotic elegance and coziness.",
      "imageUrl": "/images/rooms/room-cocoon-jungle.jpg",
      "detailsHref": "/rooms/cocoon-jungle"
    },
    {
      "id": 3,
      "name": "Avatar Tree House",
      "subtitle": "Experience luxury in an avatar-inspired sky villa with 180° views.",
      "imageUrl": "/images/rooms/room-avatar-tree-house.jpg",
      "detailsHref": "/rooms/avatar-tree-house"
    },
    {
      "id": 4,
      "name": "Grand Lagoon Private Pool",
      "subtitle": "Indulge in an exclusive riverside villa with jungle lagoon view.",
      "imageUrl": "/images/rooms/room-grand-lagoon-private-pool.jpg",
      "detailsHref": "/rooms/grand-lagoon-private-pool"
    },
    {
      "id": 5,
      "name": "Jungle Garden Pool",
      "subtitle": "An ultimate private pool retreat at Ulaman.",
      "imageUrl": "/images/rooms/room-jungle-garden-pool.jpg",
      "detailsHref": "/rooms/jungle-garden-pool"
    },
    {
      "id": 6,
      "name": "Ulin Poolside",
      "subtitle": "A luxurious jungle ground-floor oasis with direct access to the infinity pool.",
      "imageUrl": "/images/rooms/room-ulin-poolside.jpg",
      "detailsHref": "/rooms/ulin-poolside"
    }
  ],
  "packages": [
    {
      "id": 1, 
      "slug": "avatar-experience",
      "name": "The Avatar Experience",
      "tag": "Adventure", 
      "tagline": "3 Days / 2 Nights",
      "cardImageUrl": "/images/packages/package-avatar.jpg",
      "modalImageUrl": "/images/packages/package-avatar-detail.jpg",
      "price": "IDR 16,000,000++ / Package",
      "details": {
        "left": [
          "3D2N stay at Avatar Tree House or Floating Lake",
          "Nature Trekking or Village Tour for Couple",
          "Daily Breakfast",
          "Usage of Bath Bar in Room",
          "Ulaman Exclusive Gift Bag",
          "Welcome Drink Upon Arrival"
        ],
        "right": [
          "Courses Chef's Special Selection Lunch or Dinner for Couple",
          "Airport Pick-Up",
          "Daily Resort Activities",
          "Free Minibar in Room",
          "Ulaman Chocolate Dates"
        ]
      }
    },
    {
      "id": 2, 
      "slug": "ultimate-honeymoon",
      "name": "The Ultimate Honeymoon",
      "tag": "Romance", 
      "tagline": "3 Days / 2 Nights",
      "cardImageUrl": "/images/packages/package-honeymoon.jpg",
      "modalImageUrl": "/images/packages/package-honeymoon-detail.jpg",
      "price": "IDR 15,750,000++ / Package",
      "details": {
        "left": [
          "3D2N stay at Jungle Garden Pool Villa",
          "60-Minute Balinese Massage for Couple",
          "Floating Breakfast in Pool Villa",
          "Airport Pick-Up",
          "Free Minibar in Room",
          "Ulaman Exclusive Gift Bag",
          "Welcome Drink Upon Arrival"
        ],
        "right": [
          "Romantic Dinner with a Glass of Wine / Cocktail",
          "Flower Bath",
          "Honeymoon Bed Decoration & Welcome Cake",
          "Daily Breakfast",
          "Daily Resort Activities",
          "Ulaman Chocolate Dates"
        ]
      }
    }
  ],
  "wellness": {
    "headline": "Discover your path to wellness and growth.",
    "text": "At Ulaman we redefine luxury as an experience that not only pampers the senses but also nurtures the soul. Nestled in pristine nature, our eco-luxury retreat offers a sanctuary for healing and transformation. With specialized programs year-round, enjoy dedicated attention and care, immersing yourself in rejuvenation, or profound inner change through meticulously curated activities and treatments. Your transformative journey begins here.",
    "link": "/wellness-placeholder"
  },
  "spa": {
    "watermarkTop": "Balance - Relaxation",
    "watermarkBottom": "Renewal - Healing",
    "imageUrl": "/images/spa/spa-dome.jpg",
    "videoUrl": "/videos/spa-intro.mp4",
    "headline": "A world-class gastronomic journey where nature’s finest ingredients meet culinary craftsmanship.",
    "link": "https://earthbyulaman.com/"
  },
  "dine": [
    {
      "id": 1,
      "imageUrl": "/images/dine/ulaman-salad.jpg",
      "alt": "Fresh salad dish at Ulaman"
    },
    {
      "id": 2,
      "imageUrl": "/images/dine/our-chef-arik.jpg",
      "alt": "Ulaman's chef preparing a dish"
    },
    {
      "id": 3,
      "imageUrl": "/images/dine/earth-restaurant.jpg",
      "alt": "Interior of Ulaman's E.A.R.T.H restaurant"
    }
  ],
  "facilities": [
    {
      "id": 1,
      "icon": "Waves",
      "name": "Holistic Spa",
      "description": "Rejuvenate your body and soul with our world-class holistic spa treatments."
    },
    {
      "id": 2,
      "icon": "UtensilsCrossed",
      "name": "Organic Restaurant",
      "description": "Dine on fresh, locally-sourced, and organic farm-to-table cuisine."
    },
    {
      "id": 3,
      "icon": "PersonStanding",
      "name": "Yoga Shala",
      "description": "Find your center at our breathtaking bamboo yoga shala overlooking the river."
    },
    {
      "id": 4,
      "icon": "Dumbbell",
      "name": "Jungle Gym",
      "description": "Stay active in our unique fitness center equipped with state-of-the-art machines."
    },
    {
      "id": 5,
      "icon": "Wifi",
      "name": "High-Speed Wi-Fi",
      "description": "Stay connected with complimentary high-speed internet across the entire resort."
    },
    {
      "id": 6,
      "icon": "ParkingCircle",
      "name": "Complimentary Parking",
      "description": "Enjoy peace of mind with our secure and complimentary on-site parking."
    }
  ]
}